<?xml version="1.0" encoding="UTF-8"?>
<project xmlns="http://maven.apache.org/POM/4.0.0" xsi:schemaLocation="http://maven.apache.org/POM/4.0.0 http://maven.apache.org/xsd/maven-4.0.0.xsd" xmlns:xsi="http://www.w3.org/2001/XMLSchema-instance">
  <modelVersion>4.0.0</modelVersion>
  <groupId>org.icepdf.os</groupId>
  <artifactId>icepdf-viewer</artifactId>
  <version>6.3.2</version>
  <dependencies>
    <dependency>
      <groupId>org.icepdf.os</groupId>
      <artifactId>icepdf-core</artifactId>
      <version>6.3.2</version>
      <scope>runtime</scope>
    </dependency>
  </dependencies>
  <description>ICEpdf core rendering library.</description>
  <url>http://www.icepdf.org</url>
  <scm>
    <connection>scm:svn:http://anonsvn.icesoft.org/repo/icepdf/</connection>
    <url>http://www.apache.org/licenses/LICENSE-2.0.txt</url>
    <tag>icepdf-6.3.2-maven</tag>
  </scm>
  <licenses>
    <license>
      <name>Apache License, Version 2.0</name>
      <url>http://www.apache.org/licenses/LICENSE-2.0.html</url>
      <distribution>repo</distribution>
    </license>
  </licenses>
  <developers>
    <developer>
      <name>ICEsoft Technologies Canada Corp.</name>
      <email>product.sales@icesoft.com</email>
    </developer>
  </developers>
</project>
