<?xml version="1.0" encoding="UTF-8"?>
<project xmlns="http://maven.apache.org/POM/4.0.0" xsi:schemaLocation="http://maven.apache.org/POM/4.0.0 http://maven.apache.org/xsd/maven-4.0.0.xsd" xmlns:xsi="http://www.w3.org/2001/XMLSchema-instance">
  <modelVersion>4.0.0</modelVersion>
  <groupId>org.icepdf.pro</groupId>
  <artifactId>icepdf-pro</artifactId>
  <version>6.3.2</version>
  <dependencies>
    <dependency>
      <groupId>org.icepdf.os</groupId>
      <artifactId>icepdf-core</artifactId>
      <version>6.3.2</version>
      <scope>runtime</scope>
    </dependency>
    <dependency>
      <groupId>org.icepdf.os</groupId>
      <artifactId>icepdf-viewer</artifactId>
      <version>6.3.2</version>
      <scope>runtime</scope>
    </dependency>
  </dependencies>
  <description>ICEpdf core rendering library.</description>
  <url>http://www.icepdf.org</url>
  <licenses>
    <license>
      <name>ICESOFT END USER LICENSE AGREEMENT V 1.0</name>
      <url>http://www.icesoft.org/java/license/icesoft-end-user-agreement-v1.0.jsf</url>
    </license>
  </licenses>
  <developers>
    <developer>
      <name>ICEsoft Technologies Canada Corp.</name>
      <email>product.sales@icesoft.com</email>
    </developer>
  </developers>
  <issueManagement>
    <url>http://jira.icesoft.org/browse/PDF/</url>
    <system>JIRA</system>
  </issueManagement>
</project>
